,alias,code,title,units,image_file,description
0,P_C_01_a,PAV-PRD1-MAT1-2-PAT1-COL2-BST1,Плитка фибробетонная модульная,m2,P_C_01.jpg,"Одноцветное мощение, светло-серая плитка, с гладкой и рифленой поверхностью элементов, швы минимальной толщины с засыпкой цпс, габариты элементов 300х300 и 300х100, модуль раскладки набран из двух типов элементов."
1,P_C_01_b,PAV-PRD1-MAT1-2-PAT1-COL2-BST2,Плитка фибробетонная модульная,m2,P_C_01.jpg,"Одноцветное мощение, светло-серая плитка, с гладкой и рифленой поверхностью элементов, швы минимальной толщины с засыпкой цпс, габариты элементов 300х300 и 300х100, модуль раскладки набран из двух типов элементов."
2,P_C_02_a,PAV-PRD1-MAT1-5-PAT1-COL2-BST1,Плитка фибробетонная модульная,m2,P_C_02.jpg,"Одноцветное мощение, светло-серая плитка, с гладкой поверхностью
элементов, швы минимальной толщины, габариты элементов
300х300, модуль раскладки набран из одного типа элемента с
включением засыпки галькой."
3,P_C_02_b,PAV-PRD1-MAT1-5-PAT1-COL2-BST2,Плитка фибробетонная модульная,m2,P_C_02.jpg,"Одноцветное мощение, светло-серая плитка, с гладкой поверхностью
элементов, швы минимальной толщины, габариты элементов
300х300, модуль раскладки набран из одного типа элемента с
включением засыпки галькой."
4,P_C_03_a,PAV-PRD1-MAT1-4-PAT1-COL1-BST1,Плитка фибробетонная модульная,m2,P_C_03.jpg,"Одноцветное мощение, черная плитка с гладкой и рифленой
поверхностями элементов, швы минимальной толщины с
засыпкой цпс, габариты элементов 300х300 и 300х100, модуль
раскладки набран из двух типов элементов."
5,P_C_03_b,PAV-PRD1-MAT1-4-PAT1-COL1-BST2,Плитка фибробетонная модульная,m2,P_C_03.jpg,"Одноцветное мощение, черная плитка с гладкой и рифленой
поверхностями элементов, швы минимальной толщины с
засыпкой цпс, габариты элементов 300х300 и 300х100, модуль
раскладки набран из двух типов элементов."
6,P_C_04_a,PAV-PRD1-MAT1-5-PAT1-COL2-BST1,Плитка фибробетонная модульная,m2,P_C_04.jpg,"Одноцветное мощение, черная плитка с гладкой поверхностью
элементов, швы минимальной толщины, габариты элементов
300х300, модуль раскладки набран из одного типа элемента с
включением засыпки черным сланцем."
7,P_C_04_b,PAV-PRD1-MAT1-5-PAT1-COL2-BST2,Плитка фибробетонная модульная,m2,P_C_04.jpg,"Одноцветное мощение, черная плитка с гладкой поверхностью
элементов, швы минимальной толщины, габариты элементов
300х300, модуль раскладки набран из одного типа элемента с
включением засыпки черным сланцем."
8,P_C_05_a,PAV-PRD1-MAT1-PAT2-COL2-BST1,Плитка фибробетонная модульная,m2,P_C_05.jpg,"Одноцветное мощение, светло-серая плитка с гладкой поверхностью
элементов, швы минимальной толщины с засыпкой цпс,
габариты элементов 600х100 и 600х200, модуль раскладки
набран из двух элементов."
9,P_C_05_b,PAV-PRD1-MAT1-PAT2-COL2-BST2,Плитка фибробетонная модульная,m2,P_C_05.jpg,"Одноцветное мощение, светло-серая плитка с гладкой поверхностью
элементов, швы минимальной толщины с засыпкой цпс,
габариты элементов 600х100 и 600х200, модуль раскладки
набран из двух элементов."
10,P_C_06_a,PAV-PRD1-MAT1-PAT2-COL1-2-BST1,Плитка фибробетонная модульная,m2,P_C_06.jpg,"Двухцветное мощение, черная, светло-серая плитка с гладкой и
рифленой поверхностью элементов, швы минимальной толщины
с засыпкой цпс, габариты элементов 600х100 и 600х200, модуль
раскладки набран из трех элементов."
11,P_C_06_b,PAV-PRD1-MAT1-PAT2-COL1-2-BST2,Плитка фибробетонная модульная,m2,P_C_06.jpg,"Двухцветное мощение, черная, светло-серая плитка с гладкой и
рифленой поверхностью элементов, швы минимальной толщины
с засыпкой цпс, габариты элементов 600х100 и 600х200, модуль
раскладки набран из трех элементов."
12,P_C_09_a,PAV-PRD1-MAT1-PAT2-COL1-BST1,Плитка фибробетонная модульная,m2,P_C_09.jpg,"Одноцветное модульное мощение, темная плитка с гладкой
поверхностью элементов, швы минимальной толщины с
засыпкой цпс, габариты элементов 600х100 и 600х200, модуль
раскладки набран из двух элементов."
13,P_C_09_b,PAV-PRD1-MAT1-PAT2-COL1-BST2,Плитка фибробетонная модульная,m2,P_C_09.jpg,"Одноцветное модульное мощение, темная плитка с гладкой
поверхностью элементов, швы минимальной толщины с
засыпкой цпс, габариты элементов 600х100 и 600х200, модуль
раскладки набран из двух элементов."
14,P_C_10_a,PAV-PRD1-MAT1-2-5-PAT3-COL2-BST1,Плитка фибробетонная модульная,m2,P_C_10.jpg,"Одноцветное мощение, светло-серая плитка с гладкой и рифленой
поверхностью элементов, швы минимальной толщины с
засыпкой цпс, габариты элементов 600х100 модуль раскладки
набран из двух типов элементов."
15,P_C_10_b,PAV-PRD1-MAT1-2-5-PAT3-COL2-BST2,Плитка фибробетонная модульная,m2,P_C_10.jpg,"Одноцветное мощение, светло-серая плитка с гладкой и рифленой
поверхностью элементов, швы минимальной толщины с
засыпкой цпс, габариты элементов 600х100 модуль раскладки
набран из двух типов элементов."
16,P_C_11_a,PAV-PRD1-MAT1-2-5-PAT3-COL1-BST1,Плитка фибробетонная модульная,m2,P_C_11.jpg,"Одноцветное мощение, черная плитка с гладкой и рифленой
поверхностью элементов, швы минимальной толщины с
засыпкой цпс, габариты элементов 600х100, модуль раскладки
набран из двух типов элементов."
17,P_C_11_b,PAV-PRD1-MAT1-2-5-PAT3-COL1-BST2,Плитка фибробетонная модульная,m2,P_C_11.jpg,"Одноцветное мощение, черная плитка с гладкой и рифленой
поверхностью элементов, швы минимальной толщины с
засыпкой цпс, габариты элементов 600х100, модуль раскладки
набран из двух типов элементов."
18,P_C_12_a,PAV-PRD1-MAT1-2-PAT4-COL2-BST1,Плитка фибробетонная модульная,m2,P_C_12.jpg,"Одноцветное мощение, светло-серая плитка, с гладкой и рифленой
поверхностью элементов, швы минимальной толщины с
засыпкой цпс, габариты элементов 600х200, модуль раскладки
набран из двух типов элементов."
19,P_C_12_b,PAV-PRD1-MAT1-2-PAT4-COL2-BST2,Плитка фибробетонная модульная,m2,P_C_12.jpg,"Одноцветное мощение, светло-серая плитка, с гладкой и рифленой
поверхностью элементов, швы минимальной толщины с
засыпкой цпс, габариты элементов 600х200, модуль раскладки
набран из двух типов элементов."
20,P_C_13_a,PAV-PRD1-MAT1-2-PAT4-COL1-BST1,Плитка фибробетонная модульная,m2,P_C_13.jpg,"Одноцветное мощение, черная плитка с гладкой и рифленой
поверхностью элементов, швы минимальной толщины с
засыпкой цпс, габариты элементов 600х200 модуль раскладки
набран из двух типов элементов."
21,P_C_13_b,PAV-PRD1-MAT1-2-PAT4-COL1-BST2,Плитка фибробетонная модульная,m2,P_C_13.jpg,"Одноцветное мощение, черная плитка с гладкой и рифленой
поверхностью элементов, швы минимальной толщины с
засыпкой цпс, габариты элементов 600х200 модуль раскладки
набран из двух типов элементов."
22,P_C_14_a,PAV-PRD1-MAT1-2-PAT5-COL2-BST1,Плитка фибробетонная модульная,m2,P_C_14.jpg,"Одноцветное модульное светлое мощение, светло-серая плитка с
гладкой и рифленой поверхностью элементов, швы минимальной
толщины с засыпкой цпс, габариты элементов 600х200 и 600х300,
модуль раскладки набран из трех типов элементов."
23,P_C_14_b,PAV-PRD1-MAT1-2-PAT5-COL2-BST2,Плитка фибробетонная модульная,m2,P_C_14.jpg,"Одноцветное модульное светлое мощение, светло-серая плитка с
гладкой и рифленой поверхностью элементов, швы минимальной
толщины с засыпкой цпс, габариты элементов 600х200 и 600х300,
модуль раскладки набран из трех типов элементов."
24,P_C_15_a,PAV-PRD1-MAT1-2-PAT5-COL2-BST1,Плитка фибробетонная модульная,m2,P_C_15.jpg,"Одноцветное модульное темное мощение, черная плитка с
гладкой и рифленой поверхностью элементов, швы минимальной
толщины с засыпкой цпс, габариты элементов 600х200 и 600х300,
модуль раскладки набран из трех типов элементов."
25,P_C_15_b,PAV-PRD1-MAT1-2-PAT5-COL2-BST2,Плитка фибробетонная модульная,m2,P_C_15.jpg,"Одноцветное модульное темное мощение, черная плитка с
гладкой и рифленой поверхностью элементов, швы минимальной
толщины с засыпкой цпс, габариты элементов 600х200 и 600х300,
модуль раскладки набран из трех типов элементов."
26,P_C_16_a,PAV-PRD1-MAT1-5-8-PAT6-COL2-BST1,Плитка фибробетонная модульная,m2,P_C_16.jpg,"Одноцветное мощение, светло-серая плитка с гладкой поверхностью элементов, швы минимальной толщины с засыпкой
цпс, габариты элементов 1200х200 и 1200х300 модуль раскладки
набран из двух типов элементов. возможно замещение
элементов набивным покрытием, либо растительностью по
принципу “исчезающего модуля”."
27,P_C_16_b,PAV-PRD1-MAT1-5-8-PAT6-COL2-BST2,Плитка фибробетонная модульная,m2,P_C_16.jpg,"Одноцветное мощение, светло-серая плитка с гладкой поверхностью элементов, швы минимальной толщины с засыпкой
цпс, габариты элементов 1200х200 и 1200х300 модуль раскладки
набран из двух типов элементов. возможно замещение
элементов набивным покрытием, либо растительностью по
принципу “исчезающего модуля”."
28,P_C_20_a,PAV-PRD1-MAT1-5-8-PAT6-COL1-BST1,Плитка фибробетонная модульная,m2,P_C_20.jpg,"Одноцветное мощение, черная плитка с гладкой 
поверхностью элементов, швы минимальной толщины с засыпкой
цпс, габариты элементов 1200х200 и 1200х300 модуль раскладки
набран из двух типов элементов. возможно замещение
элементов набивным покрытием, либо растительностью по
принципу “исчезающего модуля”."
29,P_C_20_b,PAV-PRD1-MAT1-5-8-PAT6-COL1-BST2,Плитка фибробетонная модульная,m2,P_C_20.jpg,"Одноцветное мощение, черная плитка с гладкой 
поверхностью элементов, швы минимальной толщины с засыпкой
цпс, габариты элементов 1200х200 и 1200х300 модуль раскладки
набран из двух типов элементов. возможно замещение
элементов набивным покрытием, либо растительностью по
принципу “исчезающего модуля”."
30,P_C_21_a,PAV-PRD1-MAT1-PAT7-COL2-BST1,Плитка фибробетонная модульная,m2,P_C_21.jpg,"Одноцветное модульное мощение, светло-серая плитка
с гладкой поверхностью элементов, швы
минимальной толщины с засыпкой цпс, габариты элементов
600х1200, модуль раскладки набран из двух типов элементов.
возможно замещение элементов набивным покрытием, либо
растительностью по принципу “исчезающего модуля”."
31,P_C_21_b,PAV-PRD1-MAT1-PAT7-COL2-BST2,Плитка фибробетонная модульная,m2,P_C_21.jpg,"Одноцветное модульное мощение, светло-серая плитка
с гладкой поверхностью элементов, швы
минимальной толщины с засыпкой цпс, габариты элементов
600х1200, модуль раскладки набран из двух типов элементов.
возможно замещение элементов набивным покрытием, либо
растительностью по принципу “исчезающего модуля”."
32,P_C_22_a,PAV-PRD1-MAT1-PAT8-COL2-BST1,Плитка фибробетонная модульная,m2,P_C_22.jpg,"Одноцветное модульное мощение, светло-серая с
гладкой поверхностью элементов, швы минимальной толщины с
засыпкой цпс, габариты элементов 600х1200, модуль раскладки
набран из двух типов элементов. возможно замещение
элементов набивным покрытием, либо растительностью по
принципу “исчезающего модуля”."
33,P_C_22_b,PAV-PRD1-MAT1-PAT8-COL2-BST2,Плитка фибробетонная модульная,m2,P_C_22.jpg,"Одноцветное модульное мощение, светло-серая с
гладкой поверхностью элементов, швы минимальной толщины с
засыпкой цпс, габариты элементов 600х1200, модуль раскладки
набран из двух типов элементов. возможно замещение
элементов набивным покрытием, либо растительностью по
принципу “исчезающего модуля”."
34,P_C_23_a,PAV-PRD1-MAT1-5-PAT9-COL2-BST1,Плитка фибробетонная модульная,m2,P_C_23.jpg,"Одноцветное модульное мощение, светло-серая  плитка с
гладкой  поверхностью элементов, швы минимальной
толщины с засыпкой цпс, габариты элементов 
600х1200, модуль раскладки набран из двух типов элементов.
возможно замещение элементов набивным покрытием, либо
растительностью по принципу “исчезающего модуля”."
35,P_C_23_b,PAV-PRD1-MAT1-5-PAT9-COL2-BST2,Плитка фибробетонная модульная,m2,P_C_23.jpg,"Одноцветное модульное мощение, светло-серая  плитка с
гладкой  поверхностью элементов, швы минимальной
толщины с засыпкой цпс, габариты элементов 
600х1200, модуль раскладки набран из двух типов элементов.
возможно замещение элементов набивным покрытием, либо
растительностью по принципу “исчезающего модуля”."
36,P_C_24_a,PAV-PRD1-MAT1-PAT10-COL2-BST1,Плитка фибробетонная модульная,m2,P_C_24.jpg,"Одноцветное мощение, светло-серая плитка с гладкой поверхностью элементов, швы минимальной толщины с
засыпкой цпс, габариты элементов 1200х300, модуль раскладки
набран из двух типов элементов. возможно замещение
элементов набивным покрытием, либо растительностью по
принципу “исчезающего модуля”."
37,P_C_24_b,PAV-PRD1-MAT1-PAT10-COL2-BST2,Плитка фибробетонная модульная,m2,P_C_24.jpg,"Одноцветное мощение, светло-серая плитка с гладкой поверхностью элементов, швы минимальной толщины с
засыпкой цпс, габариты элементов 1200х300, модуль раскладки
набран из двух типов элементов. возможно замещение
элементов набивным покрытием, либо растительностью по
принципу “исчезающего модуля”."
38,P_C_25_a,PAV-PRD1-MAT1-5-PAT11-COL2-BST1,Плитка фибробетонная модульная,m2,P_C_25.jpg,"Одноцветное мощение, светло-серая плитка с гладкой
поверхностью элементов, швы минимальной толщины с
засыпкой цпс, габариты элементов 1200х300 , модуль раскладки
набран из двух типов элементов. возможно замещение
элементов набивным покрытием, либо растительностью по
принципу “исчезающего модуля”."
39,P_C_25_b,PAV-PRD1-MAT1-5-PAT11-COL2-BST2,Плитка фибробетонная модульная,m2,P_C_25.jpg,"Одноцветное мощение, светло-серая плитка с гладкой
поверхностью элементов, швы минимальной толщины с
засыпкой цпс, габариты элементов 1200х300 , модуль раскладки
набран из двух типов элементов. возможно замещение
элементов набивным покрытием, либо растительностью по
принципу “исчезающего модуля”."
40,P_C_26_a,PAV-PRD1-MAT1-8-PAT12-COL2-BST1,Плитка фибробетонная модульная,m2,P_C_26.jpg,"Одноцветное мощение, светло-серая плитка с гладкой
поверхностью элементов, швы минимальной толщины с
засыпкой цпс, габариты элементов 1200х300 , модуль раскладки
набран из двух типов элементов. возможно замещение
элементов набивным покрытием, либо растительностью по
принципу “исчезающего модуля”."
41,P_C_26_b,PAV-PRD1-MAT1-8-PAT12-COL2-BST2,Плитка фибробетонная модульная,m2,P_C_26.jpg,"Одноцветное мощение, светло-серая плитка с гладкой
поверхностью элементов, швы минимальной толщины с
засыпкой цпс, габариты элементов 1200х300 , модуль раскладки
набран из двух типов элементов. возможно замещение
элементов набивным покрытием, либо растительностью по
принципу “исчезающего модуля”."
42,P_C_27_a,PAV-PRD1-MAT1-5-PAT13-COL1-2-BST1,Плитка фибробетонная модульная,m2,P_C_27.jpg,"Одноцветное мощение, светло-серая плитка с гладкой
поверхностью элементов, швы минимальной толщины с
засыпкой цпс, габариты элементов 1200х300 , модуль раскладки
набран из трех типов элементов. возможно замещение
элементов набивным покрытием, либо растительностью по
принципу “исчезающего модуля”."
43,P_C_27_b,PAV-PRD1-MAT1-5-PAT13-COL1-2-BST2,Плитка фибробетонная модульная,m2,P_C_27.jpg,"Одноцветное мощение, светло-серая плитка с гладкой
поверхностью элементов, швы минимальной толщины с
засыпкой цпс, габариты элементов 1200х300 , модуль раскладки
набран из трех типов элементов. возможно замещение
элементов набивным покрытием, либо растительностью по
принципу “исчезающего модуля”."
44,P_C_28_a,PAV-PRD1-MAT1-PAT14-COL2-BST1,Плитка фибробетонная модульная,m2,P_C_28.jpg,"Одноцветное модульное светлое мощение, светло-серая плитка с
гладкой поверхностью элементов, швы минимальной толщины с
засыпкой цпс, габариты элементов 600х1200, модуль раскладки
набран из двух типов элементов. возможно замещение
элементов набивным покрытием, либо растительностью по
принципу “исчезающего модуля”."
45,P_C_28_b,PAV-PRD1-MAT1-PAT14-COL2-BST2,Плитка фибробетонная модульная,m2,P_C_28.jpg,"Одноцветное модульное светлое мощение, светло-серая плитка с
гладкой поверхностью элементов, швы минимальной толщины с
засыпкой цпс, габариты элементов 600х1200, модуль раскладки
набран из двух типов элементов. возможно замещение
элементов набивным покрытием, либо растительностью по
принципу “исчезающего модуля”."
46,P_C_29_a,PAV-PRD1-MAT1-5-PAT15-COL2-BST1,Плитка фибробетонная модульная,m2,P_C_29.jpg,"Одноцветное модульное светлое мощение, светло-серая плитка с
гладкой поверхностью элементов, швы минимальной толщины с
засыпкой цпс, габариты элементов 600х1200, модуль раскладки
набран из двух типов элементов. возможно замещение
элементов набивным покрытием, либо растительностью по
принципу “исчезающего модуля”."
47,P_C_29_b,PAV-PRD1-MAT1-5-PAT15-COL2-BST2,Плитка фибробетонная модульная,m2,P_C_29.jpg,"Одноцветное модульное светлое мощение, светло-серая плитка с
гладкой поверхностью элементов, швы минимальной толщины с
засыпкой цпс, габариты элементов 600х1200, модуль раскладки
набран из двух типов элементов. возможно замещение
элементов набивным покрытием, либо растительностью по
принципу “исчезающего модуля”."
48,P_C_30_a,PAV-PRD1-MAT1-5-PAT16-COL1-2-BST1,Плитка фибробетонная модульная,m2,P_C_30.jpg,"Одноцветное модульное светлое мощение, светло-серая плитка с
гладкой поверхностью элементов, швы минимальной толщины с
засыпкой цпс, габариты элементов 600х1200, модуль раскладки
набран из двух типов элементов. возможно замещение
элементов набивным покрытием, либо растительностью по
принципу “исчезающего модуля”."
49,P_C_30_b,PAV-PRD1-MAT1-5-PAT16-COL1-2-BST2,Плитка фибробетонная модульная,m2,P_C_30.jpg,"Одноцветное модульное светлое мощение, светло-серая плитка с
гладкой поверхностью элементов, швы минимальной толщины с
засыпкой цпс, габариты элементов 600х1200, модуль раскладки
набран из двух типов элементов. возможно замещение
элементов набивным покрытием, либо растительностью по
принципу “исчезающего модуля”."
50,P_C_31_a,PAV-PRD1-MAT1-PAT17-COL1-2-BST1,Плитка фибробетонная модульная,m2,P_C_31.jpg,"Двухцветное мощение, черная, светло-серая плитка с
гладкой поверхностью элементов, швы минимальной
толщины с засыпкой цпс, габариты элементов 
1200х300, модуль раскладки набран из двух типов элементов."
51,P_C_31_b,PAV-PRD1-MAT1-PAT17-COL1-2-BST2,Плитка фибробетонная модульная,m2,P_C_31.jpg,"Двухцветное мощение, черная, светло-серая плитка с
гладкой поверхностью элементов, швы минимальной
толщины с засыпкой цпс, габариты элементов 
1200х300, модуль раскладки набран из двух типов элементов."
52,P_C_32_a,PAV-PRD1-MAT1-PAT18-COL1-2-BST1,Плитка фибробетонная модульная,m2,P_C_32.jpg,"Двухцветное мощение, черная, светло-серая плитка с
гладкой поверхностью элементов, швы минимальной
толщины с засыпкой цпс, габариты элементов 
1200х300, модуль раскладки набран из двух типов элементов."
53,P_C_32_b,PAV-PRD1-MAT1-PAT18-COL1-2-BST2,Плитка фибробетонная модульная,m2,P_C_32.jpg,"Двухцветное мощение, черная, светло-серая плитка с
гладкой поверхностью элементов, швы минимальной
толщины с засыпкой цпс, габариты элементов 
1200х300, модуль раскладки набран из двух типов элементов."
54,P_D_01,PAV-PRD1-MAT6-PAT19-BST2,Террасная доска,m2,P_D_01.jpg,Доска из лиственницы. габарит 26х140х3000.
55,P_G_01_a,PAV-PRD1-MAT1-8-PAT20-BST1,Георешетка с квадратным модулем,m2,P_G_01.jpg,"Бетонная георешетка светло-серого оттенка, габариты эле-
ментов 610х610, заполнение швов возможно растительно-
стью, набивным покрытием. применение: парковки, проезды,
дворы."
56,P_G_01_b,PAV-PRD1-MAT1-8-PAT20-BST2,Георешетка с квадратным модулем,m2,P_G_01.jpg,"Бетонная георешетка светло-серого оттенка, габариты эле-
ментов 610х610, заполнение швов возможно растительно-
стью, набивным покрытием. применение: парковки, проезды,
дворы."
57,P_G_02_a,PAV-PRD1-MAT1-5-PAT21-BST1,Георешетка с круглым модулем,m2,P_G_02.jpg,"Самоблокирующийся бетонный блок светло-серого оттенка,
габариты элементов 450х600, заполнение швов возможно
растительностью, набивным покрытием. применение: пар-
ковки, проезды, дворы."
58,P_G_02_b,PAV-PRD1-MAT1-5-PAT21-BST2,Георешетка с круглым модулем,m2,P_G_02.jpg,"Самоблокирующийся бетонный блок светло-серого оттенка,
габариты элементов 450х600, заполнение швов возможно
растительностью, набивным покрытием. применение: пар-
ковки, проезды, дворы."
59,P_K_01_a,PAV-PRD1-MAT9-PAT22-COL5-BST1,Брусчатка клинкерная,m2,P_K_01.jpg,Темно-серая клинкерная брусчатка. раскладка со смещением.
60,P_K_01_b,PAV-PRD1-MAT9-PAT22-COL5-BST2,Брусчатка клинкерная,m2,P_K_01.jpg,Темно-серая клинкерная брусчатка. раскладка со смещением.
61,P_K_02_a,PAV-PRD1-MAT9-PAT22-COL6-BST1,Брусчатка клинкерная,m2,P_K_02.jpg,Светло-серая клинкерная брусчатка. раскладка со смещением.
62,P_K_02_b,PAV-PRD1-MAT9-PAT22-COL6-BST2,Брусчатка клинкерная,m2,P_K_02.jpg,Светло-серая клинкерная брусчатка. раскладка со смещением.
63,P_K_03_a,PAV-PRD1-MAT9-PAT22-COL7-BST1,Брусчатка клинкерная,m2,P_K_03.jpg,Желтая клинкерная брусчатка. раскладка со смещением.
64,P_K_03_b,PAV-PRD1-MAT9-PAT22-COL7-BST2,Брусчатка клинкерная,m2,P_K_03.jpg,Желтая клинкерная брусчатка. раскладка со смещением.
65,P_K_04_a,PAV-PRD1-MAT9-PAT23-COL5-BST1,Брусчатка клинкерная,m2,P_K_04.jpg,Темно-серая клинкерная брусчатка. раскладка елкой.
66,P_K_04_b,PAV-PRD1-MAT9-PAT23-COL5-BST2,Брусчатка клинкерная,m2,P_K_04.jpg,Темно-серая клинкерная брусчатка. раскладка елкой.
67,P_K_05_a,PAV-PRD1-MAT9-PAT23-COL6-BST1,Брусчатка клинкерная,m2,P_K_05.jpg,Светло-серая клинкерная брусчатка. раскладка елкой.
68,P_K_05_b,PAV-PRD1-MAT9-PAT23-COL6-BST2,Брусчатка клинкерная,m2,P_K_05.jpg,Светло-серая клинкерная брусчатка. раскладка елкой.
69,P_K_06_a,PAV-PRD1-MAT9-PAT23-COL7-BST1,Брусчатка клинкерная,m2,P_K_06.jpg,Желтая клинкерная брусчатка. раскладка елкой.
70,P_K_06_b,PAV-PRD1-MAT9-PAT23-COL7-BST2,Брусчатка клинкерная,m2,P_K_06.jpg,Желтая клинкерная брусчатка. раскладка елкой.
71,P_M_01_a,PAV-PRD2-MAT10-COL5-BST1,Асфальтобетон,m2,P_M_01.jpg,Темно-серое мелкозернистое покрытие из асфальтобетона.
72,P_M_01_b,PAV-PRD2-MAT10-COL5-BST2,Асфальтобетон,m2,P_M_01.jpg,Темно-серое мелкозернистое покрытие из асфальтобетона.
73,P_M_03_a,PAV-PRD2-MAT1-COL6-BST1,Монолитный бетон,m2,P_M_03.jpg,Гладкий монолитный светло-серый бетон.
74,P_M_04_a,PAV-PRD2-MAT2-COL6-BST1,Монолитный бетон,m2,P_M_04.jpg,Рифленый монолитный светло-серый бетон.
75,P_M_04_b,PAV-PRD2-MAT2-COL6-BST2,Монолитный бетон,m2,P_M_04.jpg,Рифленый монолитный светло-серый бетон.
76,P_M_05_a,PAV-PRD2-MAT1-COL8-BST1,Монолитный бетон,m2,P_M_05.jpg,Гладкий монолитный бетон. цвет красный.
77,P_R_01_a,PAV-PRD3-MAT11-COL3-BST1,Галтованный мрамор,m2,P_R_01.jpg,Мрамор галтованный фракцией 7-150 мм
78,P_R_01_b,PAV-PRD3-MAT11-COL3-BST2,Галтованный мрамор,m2,P_R_01.jpg,Мрамор галтованны фракцией 7-150 мм
79,P_R_02_a,PAV-PRD3-MAT12-COL1-BST1,Сланец,m2,P_R_02.jpg,Черный сланец фракцией 7-150 мм
80,P_R_02_b,PAV-PRD3-MAT12-COL1-BST2,Сланец,m2,P_R_02.jpg,Черный сланец фракцией 7-150 мм
81,P_R_03_a,PAV-PRD3-MAT12-COL10-BST1,Мульчирующая щепа,m2,P_R_03.jpg,Светлая мульчирующая щепа.
82,P_R_03_b,PAV-PRD3-MAT12-COL10-BST2,Мульчирующая щепа,m2,P_R_03.jpg,Светлая мульчирующая щепа.
83,P_R_04_a,PAV-PRD3-MAT12-COL9-BST1,Мульчирующая щепа,m2,P_R_04.jpg,Темная мульчирующая щепа.
84,P_R_04_b,PAV-PRD3-MAT12-COL9-BST2,Мульчирующая щепа,m2,P_R_04.jpg,Темная мульчирующая щепа.
85,P_R_05_a,PAV-PRD3-MAT14-BST1,Песок,m2,P_R_05.jpg,Песок речной.
86,P_R_05_b,PAV-PRD3-MAT14-BST2,Песок,m2,P_R_05.jpg,Песок речной.
87,P_R_06_a,PAV-PRD3-MAT5-COL10-BST1,Гранитный отсев,m2,P_R_06.jpg,Коричневый гранитный отсев фракцией 0-5 мм.
88,P_R_06_b,PAV-PRD3-MAT5-COL10-BST2,Гранитный отсев,m2,P_R_06.jpg,Коричневый гранитный отсев фракцией 0-5 мм.
89,P_R_07_a,PAV-PRD3-MAT5-COL2-BST1,Гранитный отсев,m2,P_R_07.jpg,Серый гранитный отсев фракцией 0-5 мм.
90,P_R_07_b,PAV-PRD3-MAT5-COL2-BST2,Гранитный отсев,m2,P_R_07.jpg,Серый гранитный отсев фракцией 0-5 мм.
91,P_S_01_a,PAV-PRD1-MAT3-5-COL2-3-BST1,Брусчатка каменная,m2,P_S_01.jpg,Серая гранитная брусчатка с засыпкой швов белой речной галькой. 100x100 поставщик: фабрика готика
92,P_S_01_b,PAV-PRD1-MAT3-5-COL2-3-BST2,Брусчатка каменная,m2,P_S_01.jpg,Серая гранитная брусчатка с засыпкой швов белой речной галькой. 100x100 поставщик: фабрика готика
93,P_S_02_a,PAV-PRD1-MAT3-12-COL2-1-BST1,Брусчатка каменная,m2,P_S_02.jpg,"Серая гранитная брусчатка с засыпкой швов черным сланцем. 100x100 
поставщик: фабрика готика"
94,P_S_02_b,PAV-PRD1-MAT3-12-COL2-1-BST2,Брусчатка каменная,m2,P_S_02.jpg,"Серая гранитная брусчатка с засыпкой швов черным сланцем. 100x100 
поставщик: фабрика готика"
95,P_S_03_a,PAV-PRD1-MAT3-5-COL5-3-BST1,Брусчатка каменная,m2,P_S_03.jpg,"Гранитная брусчатка габбро с засыпкой швов белой речной галькой. 100x100 
поставщик: фабрика готика"
96,P_S_03_b,PAV-PRD1-MAT3-5-COL5-3-BST2,Брусчатка каменная,m2,P_S_03.jpg,"Гранитная брусчатка габбро с засыпкой швов белой речной галькой. 100x100 
поставщик: фабрика готика"
97,P_S_04_a,PAV-PRD1-MAT3-12-COL5-1-BST1,Брусчатка каменная,m2,P_S_04.jpg,"Гранитная брусчатка габбро с засыпкой швов черным сланцем. 100x100 
поставщик: фабрика готика"
98,P_S_04_b,PAV-PRD1-MAT3-12-COL5-1-BST2,Брусчатка каменная,m2,P_S_04.jpg,"Гранитная брусчатка габбро с засыпкой швов черным сланцем. 100x100 
поставщик: фабрика готика"
99,P_W_01_a,PAV-PRD1-MAT7-5-COL10-3-BST1,Деревянная брусчатка,m2,P_W_01.jpg,"Светлая деревянная брусчатка с засыпкой швов белой речной
галькой."
100,P_W_01_b,PAV-PRD1-MAT7-5-COL10-3-BST2,Деревянная брусчатка,m2,P_W_01.jpg,"Светлая деревянная брусчатка с засыпкой швов белой речной
галькой."
101,P_W_02_a,PAV-PRD1-MAT7-12-COL10-1-BST1,Деревянная брусчатка,m2,P_W_02.jpg,"Светлая деревянная брусчатка с засыпкой швов черным
сланцем."
102,P_W_02_b,PAV-PRD1-MAT7-12-COL10-1-BST2,Деревянная брусчатка,m2,P_W_02.jpg,"Светлая деревянная брусчатка с засыпкой швов черным
сланцем."
103,P_W_03_a,PAV-PRD1-MAT7-5-COL9-3-BST1,Деревянная брусчатка,m2,P_W_03.jpg,"Темная деревянная брусчатка с засыпкой швов белой речной
галькой."
104,P_W_03_b,PAV-PRD1-MAT7-5-COL9-3-BST2,Деревянная брусчатка,m2,P_W_03.jpg,"Темная деревянная брусчатка с засыпкой швов белой речной
галькой."
105,P_W_04_a,PAV-PRD1-MAT7-12-COL9-1-BST1,Деревянная брусчатка,m2,P_W_04.jpg,Темная деревянная брусчатка с засыпкой швов черным сланцем.
106,P_W_04_b,PAV-PRD1-MAT7-12-COL9-1-BST2,Деревянная брусчатка,m2,P_W_04.jpg,Темная деревянная брусчатка с засыпкой швов черным сланцем.
107,concrete,MAT1,Бетон,,concrete.jpg,Описание самого обычного на свете бетона
108,concrete_fiber,MAT2,Фибробетон,,concrete-fiber.jpg,Описание самого обычного на свете фибробетонa
109,concrete_reinforced,MAT3,Армированный бетон,,concrete-reinforced.jpg,Описание самого обычного на свете армированный-бетонa
110,asphalt_concrete,MAT4,Асфальтобетон,,asphalt-concrete.jpg,Описание самого обычного на свете асфальтобетонa
111,brick,MAT5,Кирпич,,brick.jpg,Описание самого обычного на свете кирпичa
112,klinker,MAT6,Клинкерный кирпич,,klinker.jpg,Описание самого обычного на свете клинкерный-кирпичa
113,stone,MAT7,Камень,,stone.jpg,Описание самого обычного на свете камня
114,marble,MAT8,Мрамор,,marble.jpg,Описание самого обычного на свете мраморa
115,slate,MAT9,Сланец,,slate.jpg,Описание самого обычного на свете сланцa
116,granite,MAT10,Гранит,,granite.jpg,Описание самого обычного на свете гранитa
117,limestone,MAT11,Известняк,,limestone.jpg,Описание самого обычного на свете известняка
118,sand,MAT12,Песок,,sand.jpg,Описание самого обычного на свете песокa
119,steel_corten,MAT13,Кортен сталь,,steel-corten.jpg,Описание самого обычного на свете кортен-стали
120,steel_stainless,MAT14,Нержавеющая сталь,,steel-stainless.jpg,Описание самого обычного на свете нержавеющая-стали
121,steel_galvanized,MAT15,Оцинкованная сталь,,steel-galvanized.jpg,Описание самого обычного на свете оцинкованная-стали
122,wood,MAT16,Дерево,,wood.jpg,Описание самого обычного на свете деревa
123,mulch,MAT17,Мульча коры,,mulch.jpg,Описание самого обычного на свете мульча-корыa
124,rubber,MAT18,Резина,,rubber.jpg,Описание самого обычного на свете резины
125,caoutchouc,MAT19,Каучук,,caoutchouc.jpg,Описание самого обычного на свете каучукa
126,polyurethane,MAT20,Полимочевина,,polyurethane.jpg,Описание самого обычного на свете полимочевины
127,polyethylene,MAT21,Полиэтиленовая смола,,polyethylene.jpg,Описание самого обычного на свете полиэтиленовая-смолы
128,paint_powder,MAT22,Порошковая краска,,paint-powder.jpg,Описание самого обычного на свете порошковая-краски
129,tile,PRD1,Плитка,,tile.jpg,Описание Плитка
130,monolith,PRD2,Монолит,,monolith.jpg,Описание Монолит
131,prefabricated,PRD3,Сборное,,prefabricated.jpg,Описание Сборное
132,rammed,PRD4,Набивное,,rammed.jpg,Описание Набивное
133,ribbed,PRD5,Рифлённое,,ribbed.jpg,Описание Рифлённое
134,boucharded,PRD6,Бучардированное,,boucharded.jpg,Описание Бучардированное
135,polished,PRD7,Полированное,,polished.jpg,Описание Полированное
136,washed,PRD8,Мытое,,washed.jpg,Описание Мытое
137,tartan,PRD9,Тартан,,tartan.jpg,Описание Тартан
138,decking,PRD10,Настил,,decking.jpg,Описание Настил
139,face,PRD11,Торцевое,,face.jpg,Описание Торцевое
140,grid,PRD12,Сетка,,grid.jpg,Описание Сетка
141,perforated,PRD13,Перфорация,,perforated.jpg,Описание Перфорация
142,array,PRD14,Массив,,array.jpg,Описание Массив
143,section,PRD15,Секция,,section.jpg,Описание Секция
144,barbaris_tunberga_gre,GRE-BSH2,Барбарис Тунберга Green Carpet,pcs,G_b_barbaris_tunberga_gre.jpg,Описание Барбарис Тунберга Green Carpet
145,kalina_nanum,GRE-BSH2,Калина обыкновенная Nanum,pcs,G_b_kalina_nanum.jpg,Описание Калина обыкновенная Nanum
146,kizilnik,GRE-BSH2,Кизильник блестящий стриженный,pcs,G_b_kizilnik.jpg,Описание Кизильник блестящий стриженный
147,puzureplodnik_Anny,GRE-BSH2,Пузыреплодник калинолистый Anny's Gold,pcs,G_b_puzureplodnik_Anny.jpg,Описание Пузыреплодник калинолистый Anny's Gold
148,puzureplodnik_Dart,GRE-BSH2,Пузыреплодник калинолистый Dart's Gold,pcs,G_b_puzureplodnik_Dart.jpg,Описание Пузыреплодник калинолистый Dart's Gold
149,spirea_berezolist_tor,GRE-BSH2,Спирея березолистная Tor,pcs,G_b_spirea_berezolist_tor.jpg,Описание Спирея березолистная Tor
150,stefanandra_krispa,GRE-BSH2,Стефанандра криспа,pcs,G_b_stefanandra_krispa.jpg,Описание Стефанандра криспа
151,mozzevelnik_kazackiy,GRE-BSH2,Можжевельник казацкий,pcs,G_b_mozzevelnik_kazackiy.jpg,Описание Можжевельник казацкий
152,mozzevelnik_repanda,GRE-BSH2,Можжевельник репанда,pcs,G_b_mozzevelnik_repanda.jpg,Описание Можжевельник репанда
153,aroniya,GRE-BSH1,Арония,pcs,G_bb_aroniya.jpg,Описание Арония
154,barbaris_tunberga,GRE-BSH1,Барбарис Тунберга,pcs,G_bb_barbaris_tunberga.jpg,Описание Барбарис Тунберга
155,barbaris_tunberga_aur,GRE-BSH1,Барбарис Тунберга Aurea,pcs,G_bb_barbaris_tunberga_aur.jpg,Описание Барбарис Тунберга Aurea
156,beresklet_euro,GRE-BSH1,Бересклет европейский,pcs,G_bb_beresklet_euro.jpg,Описание Бересклет европейский
157,chubushnik,GRE-BSH1,Чубушник,pcs,G_bb_chubushnik.jpg,Описание Чубушник
158,deren_elegantissima,GRE-BSH1,Дёрен элегантиссимо,pcs,G_bb_deren_elegantissima.jpg,Описание Дёрен элегантиссимо
159,forzicia,GRE-BSH1,Форзиция,pcs,G_bb_forzicia.jpg,Описание Форзиция
160,gortenzia,GRE-BSH1,Гортензия,pcs,G_bb_gortenzia.jpg,Описание Гортензия
161,kalina_rozeum,GRE-BSH1,Калина обыкновенная Roseum высокий кустарник,pcs,G_bb_kalina_rozeum.jpg,Описание Калина обыкновенная Roseum высокий кустарник
162,kalina_rozeum,GRE-BSH1,Калина обыкновенная Roseum,pcs,G_bb_kalina_rozeum.jpg,Описание Калина обыкновенная Roseum
163,kizilnik,GRE-BSH1,Кизильник блестящий свободнорастущий,pcs,G_bb_kizilnik.jpg,Описание Кизильник блестящий свободнорастущий
164,lapchatka_gf,GRE-BSH1,Лапчатка Gold Finger,pcs,G_bb_lapchatka_gf.jpg,Описание Лапчатка Gold Finger
165,siren_meyera,GRE-BSH1,Сирень Мейера,pcs,G_bb_siren_meyera.jpg,Описание Сирень Мейера
166,spirea_berezolist,GRE-BSH1,Спирея Березолистная,pcs,G_bb_spirea_berezolist.jpg,Описание Спирея Березолистная
167,spirea_berezolist_isl,GRE-BSH1,Спирея Березолистная Island,pcs,G_bb_spirea_berezolist_isl.jpg,Описание Спирея Березолистная Island
168,spirea_macrophyll,GRE-BSH1,Спирея Японская Macrophylla,pcs,G_bb_spirea_macrophyll.jpg,Описание Спирея Японская Macrophylla
169,spirea_seraya,GRE-BSH1,Спирея Серая,pcs,G_bb_spirea_seraya.jpg,Описание Спирея Серая
170,spirea_vangutta,GRE-BSH1,Спирея Вангутта,pcs,G_bb_spirea_vangutta.jpg,Описание Спирея Вангутта
171,barbaris_tunberga_gre,GRE-BSH1,Барбарис тунберга gre,pcs,G_bb_barbaris_tunberga_gre.jpg,Описание Барбарис тунберга gre
172,irga_lamansk,GRE-BSH1,Ирга lamask,pcs,G_bb_irga_lamansk.jpg,Описание Ирга lamask
173,iva_mayak,GRE-BSH1,Ива маяк,pcs,G_bb_iva_mayak.jpg,Описание Ива маяк
174,kalina_nanum,GRE-BSH1,Калина нанум,pcs,G_bb_kalina_nanum.jpg,Описание Калина нанум
175,proso_prutievidnoe,GRE-CER,Просо прутьевидное,m2,G_c_proso_prutievidnoe.jpg,Описание Просо прутьевидное
176,veinik_brilliant,GRE-CER,Вейник brilliant,m2,G_c_veinik_brilliant.jpg,Описание Вейник brilliant
177,shuchka_dern,GRE-CER,Щучка дернистая Goldschleir злаки,m2,G_c_shuchka_dern.jpg,Описание Щучка дернистая Goldschleir злаки
178,veinik_ostrocvet,GRE-CER,Вейник остроцветковый злаки,m2,G_c_veinik_ostrocvet.jpg,Описание Вейник остроцветковый злаки
179,ovsyannica_syzaya,GRE-CER,Овсяница сизая злаки,m2,G_c_ovsyanica_syzaya.jpg,Описание Овсяница сизая злаки
180,ehinaceya,GRE-FLW,Эхинацея пурпурная цветник,m2,G_fl_ehinaceya.jpg,Описание Эхинацея пурпурная цветник
181,fenkhel,GRE-FLW,Фенхель цветник,m2,G_fl_fenkhel.jpg,Описание Фенхель цветник
182,kotovnik_fassena,GRE-FLW,Котовник Фассена цветник,m2,G_fl_kotovnik_fassena.jpg,Описание Котовник Фассена цветник
183,krovohlabka_lek_tanna,GRE-FLW,Кровохлебка лекарственная цветник,m2,G_fl_krovohlabka_lek_tanna.jpg,Описание Кровохлебка лекарственная цветник
184,manzhetka,GRE-FLW,Манжетка мягкая цветник,m2,G_fl_manzhetka.jpg,Описание Манжетка мягкая цветник
185,mordovnik_siniy,GRE-FLW,Мордовник Blue Glow цветник,m2,G_fl_mordovnik_siniy.jpg,Описание Мордовник Blue Glow цветник
186,ochitok_vidniy,GRE-FLW,Очиток видный цветник,m2,G_fl_ochitok_vidniy.jpg,Описание Очиток видный цветник
187,ozhika_snezhnaya,GRE-FLW,Ожика снежная цветник,m2,G_fl_ozhika_snezhnaya.jpg,Описание Ожика снежная цветник
188,pahizandra_verh,GRE-FLW,Пахизандра верхушечная цветник,m2,G_fl_pahizandra_verh.jpg,Описание Пахизандра верхушечная цветник
189,rudbekia,GRE-FLW,Рудбекия цветник,m2,G_fl_rudbekia.jpg,Описание Рудбекия цветник
190,sesleria_sizaya,GRE-FLW,Сеслерия сизая цветник,m2,G_fl_sesleria_sizaya.jpg,Описание Сеслерия сизая цветник
191,valdsteinya_troichataya,GRE-FLW,Вальдштейния тройчатая цветник,m2,G_fl_valdsteinya_troichataya.jpg,Описание Вальдштейния тройчатая цветник
192,veronika_koloskovaya,GRE-FLW,Вероника колосковая цветник,m2,G_fl_veronika_koloskovaya.jpg,Описание Вероника колосковая цветник
193,abricos_manch,GRE-TRE,Абрикос маньчжурский Prunus mandshurica,pcs,G_t_abricos_manch.jpg,Описание Абрикос маньчжурский Prunus mandshurica
194,betula_pubescens,GRE-TRE,Береза пушистая,pcs,G_t_betula_pubescens.jpg,Описание Береза пушистая
195,cherry_bryansk,GRE-TRE,"Черешня ""Брянская розовая""",pcs,G_t_cherry_bryansk.jpg,"Описание Черешня ""Брянская розовая"""
196,cherry_fatezh,GRE-TRE,"Черешня ""Фатеж""",pcs,G_t_cherry_fatezh.jpg,"Описание Черешня ""Фатеж"""
197,el_serbskaya,GRE-TRE,Ель сербская Picea omorika,pcs,G_t_el_serbskaya.jpg,Описание Ель сербская Picea omorika
198,fir_fat_albert,GRE-TRE,"Ель голубая колючая ""Фэт Альберт""",pcs,G_t_fir_fat_albert.jpg,"Описание Ель голубая колючая ""Фэт Альберт"""
199,hawthorn,GRE-TRE,Боярышник сливолистный,pcs,G_t_hawthorn.jpg,Описание Боярышник сливолистный
200,kanadskaya,GRE-TRE,Ель сизая канадская,pcs,G_t_kanadskaya.jpg,"Описание Ель сизая, канадская"
201,mapple_gr,GRE-TRE,Клен остролистный 'Globosum',pcs,G_t_mapple_gr.jpg,Описание Клен остролистный 'Globosum'
202,mapple_yell,GRE-TRE,Клен остролистный 'Golden Globe',pcs,G_t_mapple_yell.jpg,Описание Клен остролистный 'Golden Globe'
203,oak_fastigiata,GRE-TRE,"Дуб черешчатый ""Fastigiata""",pcs,G_t_oak_fastigiata.jpg,"Описание Дуб черешчатый ""Fastigiata"""
204,green,GRE,Озеленение,,green.jpg,Описание Озеленение
205,trees,TRE,Деревья,,trees.jpg,Описание Деревья
206,bushes,BSH,Кустарники,,bushes.jpg,Описание Кустарники
207,bushes_big,BSH1,Кустарники высокие,,bushes_big.jpg,Описание Кустарники высокие
208,bushes_small,BSH2,Кустарники низкие,,bushes_small.jpg,Описание Кустарники низкие
209,flowers,FLW,Цветники,,flowers.jpg,Описание Цветники
210,cereals,CER,Злаковые,,cereals.jpg,Описание Злаковые
211,ground_cover,GRC,Почвопокровные,,ground_cover.jpg,Описание Почвопокровные
212,water_flora,WTF,Водолюбивые,,water_flora.jpg,Описание Водолюбивые
213,soil,SOI,Почва,,soil.jpg,Описание Почва
