alias,code,title,units,image_file,description
P_C_01_a,PAV-PRD1-MAT1-2-PAT1-COL2-BST1,Плитка фибробетонная модульная,m2,P_C_01.jpg,"Одноцветное мощение, светло-серая плитка, с гладкой и рифленой поверхностью элементов, швы минимальной толщины с засыпкой цпс, габариты элементов 300х300 и 300х100, модуль раскладки набран из двух типов элементов."
P_C_01_b,PAV-PRD1-MAT1-2-PAT1-COL2-BST2,Плитка фибробетонная модульная,m2,P_C_01.jpg,"Одноцветное мощение, светло-серая плитка, с гладкой и рифленой поверхностью элементов, швы минимальной толщины с засыпкой цпс, габариты элементов 300х300 и 300х100, модуль раскладки набран из двух типов элементов."
P_C_02_a,PAV-PRD1-MAT1-5-PAT1-COL2-BST1,Плитка фибробетонная модульная,m2,P_C_02.jpg,"Одноцветное мощение, светло-серая плитка, с гладкой поверхностью
элементов, швы минимальной толщины, габариты элементов
300х300, модуль раскладки набран из одного типа элемента с
включением засыпки галькой."
P_C_02_b,PAV-PRD1-MAT1-5-PAT1-COL2-BST2,Плитка фибробетонная модульная,m2,P_C_02.jpg,"Одноцветное мощение, светло-серая плитка, с гладкой поверхностью
элементов, швы минимальной толщины, габариты элементов
300х300, модуль раскладки набран из одного типа элемента с
включением засыпки галькой."
P_C_03_a,PAV-PRD1-MAT1-4-PAT1-COL1-BST1,Плитка фибробетонная модульная,m2,P_C_03.jpg,"Одноцветное мощение, черная плитка с гладкой и рифленой
поверхностями элементов, швы минимальной толщины с
засыпкой цпс, габариты элементов 300х300 и 300х100, модуль
раскладки набран из двух типов элементов."
P_C_03_b,PAV-PRD1-MAT1-4-PAT1-COL1-BST2,Плитка фибробетонная модульная,m2,P_C_03.jpg,"Одноцветное мощение, черная плитка с гладкой и рифленой
поверхностями элементов, швы минимальной толщины с
засыпкой цпс, габариты элементов 300х300 и 300х100, модуль
раскладки набран из двух типов элементов."
P_C_04_a,PAV-PRD1-MAT1-5-PAT1-COL2-BST1,Плитка фибробетонная модульная,m2,P_C_04.jpg,"Одноцветное мощение, черная плитка с гладкой поверхностью
элементов, швы минимальной толщины, габариты элементов
300х300, модуль раскладки набран из одного типа элемента с
включением засыпки черным сланцем."
P_C_04_b,PAV-PRD1-MAT1-5-PAT1-COL2-BST2,Плитка фибробетонная модульная,m2,P_C_04.jpg,"Одноцветное мощение, черная плитка с гладкой поверхностью
элементов, швы минимальной толщины, габариты элементов
300х300, модуль раскладки набран из одного типа элемента с
включением засыпки черным сланцем."
P_C_05_a,PAV-PRD1-MAT1-PAT2-COL2-BST1,Плитка фибробетонная модульная,m2,P_C_05.jpg,"Одноцветное мощение, светло-серая плитка с гладкой поверхностью
элементов, швы минимальной толщины с засыпкой цпс,
габариты элементов 600х100 и 600х200, модуль раскладки
набран из двух элементов."
P_C_05_b,PAV-PRD1-MAT1-PAT2-COL2-BST2,Плитка фибробетонная модульная,m2,P_C_05.jpg,"Одноцветное мощение, светло-серая плитка с гладкой поверхностью
элементов, швы минимальной толщины с засыпкой цпс,
габариты элементов 600х100 и 600х200, модуль раскладки
набран из двух элементов."
P_C_06_a,PAV-PRD1-MAT1-PAT2-COL1-2-BST1,Плитка фибробетонная модульная,m2,P_C_06.jpg,"Двухцветное мощение, черная, светло-серая плитка с гладкой и
рифленой поверхностью элементов, швы минимальной толщины
с засыпкой цпс, габариты элементов 600х100 и 600х200, модуль
раскладки набран из трех элементов."
P_C_06_b,PAV-PRD1-MAT1-PAT2-COL1-2-BST2,Плитка фибробетонная модульная,m2,P_C_06.jpg,"Двухцветное мощение, черная, светло-серая плитка с гладкой и
рифленой поверхностью элементов, швы минимальной толщины
с засыпкой цпс, габариты элементов 600х100 и 600х200, модуль
раскладки набран из трех элементов."
P_C_09_a,PAV-PRD1-MAT1-PAT2-COL1-BST1,Плитка фибробетонная модульная,m2,P_C_09.jpg,"Одноцветное модульное мощение, темная плитка с гладкой
поверхностью элементов, швы минимальной толщины с
засыпкой цпс, габариты элементов 600х100 и 600х200, модуль
раскладки набран из двух элементов."
P_C_09_b,PAV-PRD1-MAT1-PAT2-COL1-BST2,Плитка фибробетонная модульная,m2,P_C_09.jpg,"Одноцветное модульное мощение, темная плитка с гладкой
поверхностью элементов, швы минимальной толщины с
засыпкой цпс, габариты элементов 600х100 и 600х200, модуль
раскладки набран из двух элементов."
P_C_10_a,PAV-PRD1-MAT1-2-5-PAT3-COL2-BST1,Плитка фибробетонная модульная,m2,P_C_10.jpg,"Одноцветное мощение, светло-серая плитка с гладкой и рифленой
поверхностью элементов, швы минимальной толщины с
засыпкой цпс, габариты элементов 600х100 модуль раскладки
набран из двух типов элементов."
P_C_10_b,PAV-PRD1-MAT1-2-5-PAT3-COL2-BST2,Плитка фибробетонная модульная,m2,P_C_10.jpg,"Одноцветное мощение, светло-серая плитка с гладкой и рифленой
поверхностью элементов, швы минимальной толщины с
засыпкой цпс, габариты элементов 600х100 модуль раскладки
набран из двух типов элементов."
P_C_11_a,PAV-PRD1-MAT1-2-5-PAT3-COL1-BST1,Плитка фибробетонная модульная,m2,P_C_11.jpg,"Одноцветное мощение, черная плитка с гладкой и рифленой
поверхностью элементов, швы минимальной толщины с
засыпкой цпс, габариты элементов 600х100, модуль раскладки
набран из двух типов элементов."
P_C_11_b,PAV-PRD1-MAT1-2-5-PAT3-COL1-BST2,Плитка фибробетонная модульная,m2,P_C_11.jpg,"Одноцветное мощение, черная плитка с гладкой и рифленой
поверхностью элементов, швы минимальной толщины с
засыпкой цпс, габариты элементов 600х100, модуль раскладки
набран из двух типов элементов."
P_C_12_a,PAV-PRD1-MAT1-2-PAT4-COL2-BST1,Плитка фибробетонная модульная,m2,P_C_12.jpg,"Одноцветное мощение, светло-серая плитка, с гладкой и рифленой
поверхностью элементов, швы минимальной толщины с
засыпкой цпс, габариты элементов 600х200, модуль раскладки
набран из двух типов элементов."
P_C_12_b,PAV-PRD1-MAT1-2-PAT4-COL2-BST2,Плитка фибробетонная модульная,m2,P_C_12.jpg,"Одноцветное мощение, светло-серая плитка, с гладкой и рифленой
поверхностью элементов, швы минимальной толщины с
засыпкой цпс, габариты элементов 600х200, модуль раскладки
набран из двух типов элементов."
P_C_13_a,PAV-PRD1-MAT1-2-PAT4-COL1-BST1,Плитка фибробетонная модульная,m2,P_C_13.jpg,"Одноцветное мощение, черная плитка с гладкой и рифленой
поверхностью элементов, швы минимальной толщины с
засыпкой цпс, габариты элементов 600х200 модуль раскладки
набран из двух типов элементов."
P_C_13_b,PAV-PRD1-MAT1-2-PAT4-COL1-BST2,Плитка фибробетонная модульная,m2,P_C_13.jpg,"Одноцветное мощение, черная плитка с гладкой и рифленой
поверхностью элементов, швы минимальной толщины с
засыпкой цпс, габариты элементов 600х200 модуль раскладки
набран из двух типов элементов."
P_C_14_a,PAV-PRD1-MAT1-2-PAT5-COL2-BST1,Плитка фибробетонная модульная,m2,P_C_14.jpg,"Одноцветное модульное светлое мощение, светло-серая плитка с
гладкой и рифленой поверхностью элементов, швы минимальной
толщины с засыпкой цпс, габариты элементов 600х200 и 600х300,
модуль раскладки набран из трех типов элементов."
P_C_14_b,PAV-PRD1-MAT1-2-PAT5-COL2-BST2,Плитка фибробетонная модульная,m2,P_C_14.jpg,"Одноцветное модульное светлое мощение, светло-серая плитка с
гладкой и рифленой поверхностью элементов, швы минимальной
толщины с засыпкой цпс, габариты элементов 600х200 и 600х300,
модуль раскладки набран из трех типов элементов."
P_C_15_a,PAV-PRD1-MAT1-2-PAT5-COL2-BST1,Плитка фибробетонная модульная,m2,P_C_15.jpg,"Одноцветное модульное темное мощение, черная плитка с
гладкой и рифленой поверхностью элементов, швы минимальной
толщины с засыпкой цпс, габариты элементов 600х200 и 600х300,
модуль раскладки набран из трех типов элементов."
P_C_15_b,PAV-PRD1-MAT1-2-PAT5-COL2-BST2,Плитка фибробетонная модульная,m2,P_C_15.jpg,"Одноцветное модульное темное мощение, черная плитка с
гладкой и рифленой поверхностью элементов, швы минимальной
толщины с засыпкой цпс, габариты элементов 600х200 и 600х300,
модуль раскладки набран из трех типов элементов."
P_C_16_a,PAV-PRD1-MAT1-5-8-PAT6-COL2-BST1,Плитка фибробетонная модульная,m2,P_C_16.jpg,"Одноцветное мощение, светло-серая плитка с гладкой поверхностью элементов, швы минимальной толщины с засыпкой
цпс, габариты элементов 1200х200 и 1200х300 модуль раскладки
набран из двух типов элементов. возможно замещение
элементов набивным покрытием, либо растительностью по
принципу “исчезающего модуля”."
P_C_16_b,PAV-PRD1-MAT1-5-8-PAT6-COL2-BST2,Плитка фибробетонная модульная,m2,P_C_16.jpg,"Одноцветное мощение, светло-серая плитка с гладкой поверхностью элементов, швы минимальной толщины с засыпкой
цпс, габариты элементов 1200х200 и 1200х300 модуль раскладки
набран из двух типов элементов. возможно замещение
элементов набивным покрытием, либо растительностью по
принципу “исчезающего модуля”."
P_C_20_a,PAV-PRD1-MAT1-5-8-PAT6-COL1-BST1,Плитка фибробетонная модульная,m2,P_C_20.jpg,"Одноцветное мощение, черная плитка с гладкой 
поверхностью элементов, швы минимальной толщины с засыпкой
цпс, габариты элементов 1200х200 и 1200х300 модуль раскладки
набран из двух типов элементов. возможно замещение
элементов набивным покрытием, либо растительностью по
принципу “исчезающего модуля”."
P_C_20_b,PAV-PRD1-MAT1-5-8-PAT6-COL1-BST2,Плитка фибробетонная модульная,m2,P_C_20.jpg,"Одноцветное мощение, черная плитка с гладкой 
поверхностью элементов, швы минимальной толщины с засыпкой
цпс, габариты элементов 1200х200 и 1200х300 модуль раскладки
набран из двух типов элементов. возможно замещение
элементов набивным покрытием, либо растительностью по
принципу “исчезающего модуля”."
P_C_21_a,PAV-PRD1-MAT1-PAT7-COL2-BST1,Плитка фибробетонная модульная,m2,P_C_21.jpg,"Одноцветное модульное мощение, светло-серая плитка
с гладкой поверхностью элементов, швы
минимальной толщины с засыпкой цпс, габариты элементов
600х1200, модуль раскладки набран из двух типов элементов.
возможно замещение элементов набивным покрытием, либо
растительностью по принципу “исчезающего модуля”."
P_C_21_b,PAV-PRD1-MAT1-PAT7-COL2-BST2,Плитка фибробетонная модульная,m2,P_C_21.jpg,"Одноцветное модульное мощение, светло-серая плитка
с гладкой поверхностью элементов, швы
минимальной толщины с засыпкой цпс, габариты элементов
600х1200, модуль раскладки набран из двух типов элементов.
возможно замещение элементов набивным покрытием, либо
растительностью по принципу “исчезающего модуля”."
P_C_22_a,PAV-PRD1-MAT1-PAT8-COL2-BST1,Плитка фибробетонная модульная,m2,P_C_22.jpg,"Одноцветное модульное мощение, светло-серая с
гладкой поверхностью элементов, швы минимальной толщины с
засыпкой цпс, габариты элементов 600х1200, модуль раскладки
набран из двух типов элементов. возможно замещение
элементов набивным покрытием, либо растительностью по
принципу “исчезающего модуля”."
P_C_22_b,PAV-PRD1-MAT1-PAT8-COL2-BST2,Плитка фибробетонная модульная,m2,P_C_22.jpg,"Одноцветное модульное мощение, светло-серая с
гладкой поверхностью элементов, швы минимальной толщины с
засыпкой цпс, габариты элементов 600х1200, модуль раскладки
набран из двух типов элементов. возможно замещение
элементов набивным покрытием, либо растительностью по
принципу “исчезающего модуля”."
P_C_23_a,PAV-PRD1-MAT1-5-PAT9-COL2-BST1,Плитка фибробетонная модульная,m2,P_C_23.jpg,"Одноцветное модульное мощение, светло-серая  плитка с
гладкой  поверхностью элементов, швы минимальной
толщины с засыпкой цпс, габариты элементов 
600х1200, модуль раскладки набран из двух типов элементов.
возможно замещение элементов набивным покрытием, либо
растительностью по принципу “исчезающего модуля”."
P_C_23_b,PAV-PRD1-MAT1-5-PAT9-COL2-BST2,Плитка фибробетонная модульная,m2,P_C_23.jpg,"Одноцветное модульное мощение, светло-серая  плитка с
гладкой  поверхностью элементов, швы минимальной
толщины с засыпкой цпс, габариты элементов 
600х1200, модуль раскладки набран из двух типов элементов.
возможно замещение элементов набивным покрытием, либо
растительностью по принципу “исчезающего модуля”."
P_C_24_a,PAV-PRD1-MAT1-PAT10-COL2-BST1,Плитка фибробетонная модульная,m2,P_C_24.jpg,"Одноцветное мощение, светло-серая плитка с гладкой поверхностью элементов, швы минимальной толщины с
засыпкой цпс, габариты элементов 1200х300, модуль раскладки
набран из двух типов элементов. возможно замещение
элементов набивным покрытием, либо растительностью по
принципу “исчезающего модуля”."
P_C_24_b,PAV-PRD1-MAT1-PAT10-COL2-BST2,Плитка фибробетонная модульная,m2,P_C_24.jpg,"Одноцветное мощение, светло-серая плитка с гладкой поверхностью элементов, швы минимальной толщины с
засыпкой цпс, габариты элементов 1200х300, модуль раскладки
набран из двух типов элементов. возможно замещение
элементов набивным покрытием, либо растительностью по
принципу “исчезающего модуля”."
P_C_25_a,PAV-PRD1-MAT1-5-PAT11-COL2-BST1,Плитка фибробетонная модульная,m2,P_C_25.jpg,"Одноцветное мощение, светло-серая плитка с гладкой
поверхностью элементов, швы минимальной толщины с
засыпкой цпс, габариты элементов 1200х300 , модуль раскладки
набран из двух типов элементов. возможно замещение
элементов набивным покрытием, либо растительностью по
принципу “исчезающего модуля”."
P_C_25_b,PAV-PRD1-MAT1-5-PAT11-COL2-BST2,Плитка фибробетонная модульная,m2,P_C_25.jpg,"Одноцветное мощение, светло-серая плитка с гладкой
поверхностью элементов, швы минимальной толщины с
засыпкой цпс, габариты элементов 1200х300 , модуль раскладки
набран из двух типов элементов. возможно замещение
элементов набивным покрытием, либо растительностью по
принципу “исчезающего модуля”."
P_C_26_a,PAV-PRD1-MAT1-8-PAT12-COL2-BST1,Плитка фибробетонная модульная,m2,P_C_26.jpg,"Одноцветное мощение, светло-серая плитка с гладкой
поверхностью элементов, швы минимальной толщины с
засыпкой цпс, габариты элементов 1200х300 , модуль раскладки
набран из двух типов элементов. возможно замещение
элементов набивным покрытием, либо растительностью по
принципу “исчезающего модуля”."
P_C_26_b,PAV-PRD1-MAT1-8-PAT12-COL2-BST2,Плитка фибробетонная модульная,m2,P_C_26.jpg,"Одноцветное мощение, светло-серая плитка с гладкой
поверхностью элементов, швы минимальной толщины с
засыпкой цпс, габариты элементов 1200х300 , модуль раскладки
набран из двух типов элементов. возможно замещение
элементов набивным покрытием, либо растительностью по
принципу “исчезающего модуля”."
P_C_27_a,PAV-PRD1-MAT1-5-PAT13-COL1-2-BST1,Плитка фибробетонная модульная,m2,P_C_27.jpg,"Одноцветное мощение, светло-серая плитка с гладкой
поверхностью элементов, швы минимальной толщины с
засыпкой цпс, габариты элементов 1200х300 , модуль раскладки
набран из трех типов элементов. возможно замещение
элементов набивным покрытием, либо растительностью по
принципу “исчезающего модуля”."
P_C_27_b,PAV-PRD1-MAT1-5-PAT13-COL1-2-BST2,Плитка фибробетонная модульная,m2,P_C_27.jpg,"Одноцветное мощение, светло-серая плитка с гладкой
поверхностью элементов, швы минимальной толщины с
засыпкой цпс, габариты элементов 1200х300 , модуль раскладки
набран из трех типов элементов. возможно замещение
элементов набивным покрытием, либо растительностью по
принципу “исчезающего модуля”."
P_C_28_a,PAV-PRD1-MAT1-PAT14-COL2-BST1,Плитка фибробетонная модульная,m2,P_C_28.jpg,"Одноцветное модульное светлое мощение, светло-серая плитка с
гладкой поверхностью элементов, швы минимальной толщины с
засыпкой цпс, габариты элементов 600х1200, модуль раскладки
набран из двух типов элементов. возможно замещение
элементов набивным покрытием, либо растительностью по
принципу “исчезающего модуля”."
P_C_28_b,PAV-PRD1-MAT1-PAT14-COL2-BST2,Плитка фибробетонная модульная,m2,P_C_28.jpg,"Одноцветное модульное светлое мощение, светло-серая плитка с
гладкой поверхностью элементов, швы минимальной толщины с
засыпкой цпс, габариты элементов 600х1200, модуль раскладки
набран из двух типов элементов. возможно замещение
элементов набивным покрытием, либо растительностью по
принципу “исчезающего модуля”."
P_C_29_a,PAV-PRD1-MAT1-5-PAT15-COL2-BST1,Плитка фибробетонная модульная,m2,P_C_29.jpg,"Одноцветное модульное светлое мощение, светло-серая плитка с
гладкой поверхностью элементов, швы минимальной толщины с
засыпкой цпс, габариты элементов 600х1200, модуль раскладки
набран из двух типов элементов. возможно замещение
элементов набивным покрытием, либо растительностью по
принципу “исчезающего модуля”."
P_C_29_b,PAV-PRD1-MAT1-5-PAT15-COL2-BST2,Плитка фибробетонная модульная,m2,P_C_29.jpg,"Одноцветное модульное светлое мощение, светло-серая плитка с
гладкой поверхностью элементов, швы минимальной толщины с
засыпкой цпс, габариты элементов 600х1200, модуль раскладки
набран из двух типов элементов. возможно замещение
элементов набивным покрытием, либо растительностью по
принципу “исчезающего модуля”."
P_C_30_a,PAV-PRD1-MAT1-5-PAT16-COL1-2-BST1,Плитка фибробетонная модульная,m2,P_C_30.jpg,"Одноцветное модульное светлое мощение, светло-серая плитка с
гладкой поверхностью элементов, швы минимальной толщины с
засыпкой цпс, габариты элементов 600х1200, модуль раскладки
набран из двух типов элементов. возможно замещение
элементов набивным покрытием, либо растительностью по
принципу “исчезающего модуля”."
P_C_30_b,PAV-PRD1-MAT1-5-PAT16-COL1-2-BST2,Плитка фибробетонная модульная,m2,P_C_30.jpg,"Одноцветное модульное светлое мощение, светло-серая плитка с
гладкой поверхностью элементов, швы минимальной толщины с
засыпкой цпс, габариты элементов 600х1200, модуль раскладки
набран из двух типов элементов. возможно замещение
элементов набивным покрытием, либо растительностью по
принципу “исчезающего модуля”."
P_C_31_a,PAV-PRD1-MAT1-PAT17-COL1-2-BST1,Плитка фибробетонная модульная,m2,P_C_31.jpg,"Двухцветное мощение, черная, светло-серая плитка с
гладкой поверхностью элементов, швы минимальной
толщины с засыпкой цпс, габариты элементов 
1200х300, модуль раскладки набран из двух типов элементов."
P_C_31_b,PAV-PRD1-MAT1-PAT17-COL1-2-BST2,Плитка фибробетонная модульная,m2,P_C_31.jpg,"Двухцветное мощение, черная, светло-серая плитка с
гладкой поверхностью элементов, швы минимальной
толщины с засыпкой цпс, габариты элементов 
1200х300, модуль раскладки набран из двух типов элементов."
P_C_32_a,PAV-PRD1-MAT1-PAT18-COL1-2-BST1,Плитка фибробетонная модульная,m2,P_C_32.jpg,"Двухцветное мощение, черная, светло-серая плитка с
гладкой поверхностью элементов, швы минимальной
толщины с засыпкой цпс, габариты элементов 
1200х300, модуль раскладки набран из двух типов элементов."
P_C_32_b,PAV-PRD1-MAT1-PAT18-COL1-2-BST2,Плитка фибробетонная модульная,m2,P_C_32.jpg,"Двухцветное мощение, черная, светло-серая плитка с
гладкой поверхностью элементов, швы минимальной
толщины с засыпкой цпс, габариты элементов 
1200х300, модуль раскладки набран из двух типов элементов."
P_D_01,PAV-PRD1-MAT6-PAT19-BST2,Террасная доска,m2,P_D_01.jpg,Доска из лиственницы. габарит 26х140х3000.
P_G_01_a,PAV-PRD1-MAT1-8-PAT20-BST1,Георешетка с квадратным модулем,m2,P_G_01.jpg,"Бетонная георешетка светло-серого оттенка, габариты эле-
ментов 610х610, заполнение швов возможно растительно-
стью, набивным покрытием. применение: парковки, проезды,
дворы."
P_G_01_b,PAV-PRD1-MAT1-8-PAT20-BST2,Георешетка с квадратным модулем,m2,P_G_01.jpg,"Бетонная георешетка светло-серого оттенка, габариты эле-
ментов 610х610, заполнение швов возможно растительно-
стью, набивным покрытием. применение: парковки, проезды,
дворы."
P_G_02_a,PAV-PRD1-MAT1-5-PAT21-BST1,Георешетка с круглым модулем,m2,P_G_02.jpg,"Самоблокирующийся бетонный блок светло-серого оттенка,
габариты элементов 450х600, заполнение швов возможно
растительностью, набивным покрытием. применение: пар-
ковки, проезды, дворы."
P_G_02_b,PAV-PRD1-MAT1-5-PAT21-BST2,Георешетка с круглым модулем,m2,P_G_02.jpg,"Самоблокирующийся бетонный блок светло-серого оттенка,
габариты элементов 450х600, заполнение швов возможно
растительностью, набивным покрытием. применение: пар-
ковки, проезды, дворы."
P_K_01_a,PAV-PRD1-MAT9-PAT22-COL5-BST1,Брусчатка клинкерная,m2,P_K_01.jpg,Темно-серая клинкерная брусчатка. раскладка со смещением.
P_K_01_b,PAV-PRD1-MAT9-PAT22-COL5-BST2,Брусчатка клинкерная,m2,P_K_01.jpg,Темно-серая клинкерная брусчатка. раскладка со смещением.
P_K_02_a,PAV-PRD1-MAT9-PAT22-COL6-BST1,Брусчатка клинкерная,m2,P_K_02.jpg,Светло-серая клинкерная брусчатка. раскладка со смещением.
P_K_02_b,PAV-PRD1-MAT9-PAT22-COL6-BST2,Брусчатка клинкерная,m2,P_K_02.jpg,Светло-серая клинкерная брусчатка. раскладка со смещением.
P_K_03_a,PAV-PRD1-MAT9-PAT22-COL7-BST1,Брусчатка клинкерная,m2,P_K_03.jpg,Желтая клинкерная брусчатка. раскладка со смещением.
P_K_03_b,PAV-PRD1-MAT9-PAT22-COL7-BST2,Брусчатка клинкерная,m2,P_K_03.jpg,Желтая клинкерная брусчатка. раскладка со смещением.
P_K_04_a,PAV-PRD1-MAT9-PAT23-COL5-BST1,Брусчатка клинкерная,m2,P_K_04.jpg,Темно-серая клинкерная брусчатка. раскладка елкой.
P_K_04_b,PAV-PRD1-MAT9-PAT23-COL5-BST2,Брусчатка клинкерная,m2,P_K_04.jpg,Темно-серая клинкерная брусчатка. раскладка елкой.
P_K_05_a,PAV-PRD1-MAT9-PAT23-COL6-BST1,Брусчатка клинкерная,m2,P_K_05.jpg,Светло-серая клинкерная брусчатка. раскладка елкой.
P_K_05_b,PAV-PRD1-MAT9-PAT23-COL6-BST2,Брусчатка клинкерная,m2,P_K_05.jpg,Светло-серая клинкерная брусчатка. раскладка елкой.
P_K_06_a,PAV-PRD1-MAT9-PAT23-COL7-BST1,Брусчатка клинкерная,m2,P_K_06.jpg,Желтая клинкерная брусчатка. раскладка елкой.
P_K_06_b,PAV-PRD1-MAT9-PAT23-COL7-BST2,Брусчатка клинкерная,m2,P_K_06.jpg,Желтая клинкерная брусчатка. раскладка елкой.
P_M_01_a,PAV-PRD2-MAT10-COL5-BST1,Асфальтобетон,m2,P_M_01.jpg,Темно-серое мелкозернистое покрытие из асфальтобетона.
P_M_01_b,PAV-PRD2-MAT10-COL5-BST2,Асфальтобетон,m2,P_M_01.jpg,Темно-серое мелкозернистое покрытие из асфальтобетона.
P_M_03_a,PAV-PRD2-MAT1-COL6-BST1,Монолитный бетон,m2,P_M_03.jpg,Гладкий монолитный светло-серый бетон.
P_M_04_a,PAV-PRD2-MAT2-COL6-BST1,Монолитный бетон,m2,P_M_04.jpg,Рифленый монолитный светло-серый бетон.
P_M_04_b,PAV-PRD2-MAT2-COL6-BST2,Монолитный бетон,m2,P_M_04.jpg,Рифленый монолитный светло-серый бетон.
P_M_05_a,PAV-PRD2-MAT1-COL8-BST1,Монолитный бетон,m2,P_M_05.jpg,Гладкий монолитный бетон. цвет красный.
P_R_01_a,PAV-PRD3-MAT11-COL3-BST1,Галтованный мрамор,m2,P_R_01.jpg,Мрамор галтованный фракцией 7-150 мм
P_R_01_b,PAV-PRD3-MAT11-COL3-BST2,Галтованный мрамор,m2,P_R_01.jpg,Мрамор галтованны фракцией 7-150 мм
P_R_02_a,PAV-PRD3-MAT12-COL1-BST1,Сланец,m2,P_R_02.jpg,Черный сланец фракцией 7-150 мм
P_R_02_b,PAV-PRD3-MAT12-COL1-BST2,Сланец,m2,P_R_02.jpg,Черный сланец фракцией 7-150 мм
P_R_03_a,PAV-PRD3-MAT12-COL10-BST1,Мульчирующая щепа,m2,P_R_03.jpg,Светлая мульчирующая щепа.
P_R_03_b,PAV-PRD3-MAT12-COL10-BST2,Мульчирующая щепа,m2,P_R_03.jpg,Светлая мульчирующая щепа.
P_R_04_a,PAV-PRD3-MAT12-COL9-BST1,Мульчирующая щепа,m2,P_R_04.jpg,Темная мульчирующая щепа.
P_R_04_b,PAV-PRD3-MAT12-COL9-BST2,Мульчирующая щепа,m2,P_R_04.jpg,Темная мульчирующая щепа.
P_R_05_a,PAV-PRD3-MAT14-BST1,Песок,m2,P_R_05.jpg,Песок речной.
P_R_05_b,PAV-PRD3-MAT14-BST2,Песок,m2,P_R_05.jpg,Песок речной.
P_R_06_a,PAV-PRD3-MAT5-COL10-BST1,Гранитный отсев,m2,P_R_06.jpg,Коричневый гранитный отсев фракцией 0-5 мм.
P_R_06_b,PAV-PRD3-MAT5-COL10-BST2,Гранитный отсев,m2,P_R_06.jpg,Коричневый гранитный отсев фракцией 0-5 мм.
P_R_07_a,PAV-PRD3-MAT5-COL2-BST1,Гранитный отсев,m2,P_R_07.jpg,Серый гранитный отсев фракцией 0-5 мм.
P_R_07_b,PAV-PRD3-MAT5-COL2-BST2,Гранитный отсев,m2,P_R_07.jpg,Серый гранитный отсев фракцией 0-5 мм.
P_S_01_a,PAV-PRD1-MAT3-5-COL2-3-BST1,Брусчатка каменная,m2,P_S_01.jpg,Серая гранитная брусчатка с засыпкой швов белой речной галькой. 100x100 поставщик: фабрика готика
P_S_01_b,PAV-PRD1-MAT3-5-COL2-3-BST2,Брусчатка каменная,m2,P_S_01.jpg,Серая гранитная брусчатка с засыпкой швов белой речной галькой. 100x100 поставщик: фабрика готика
P_S_02_a,PAV-PRD1-MAT3-12-COL2-1-BST1,Брусчатка каменная,m2,P_S_02.jpg,"Серая гранитная брусчатка с засыпкой швов черным сланцем. 100x100 
поставщик: фабрика готика"
P_S_02_b,PAV-PRD1-MAT3-12-COL2-1-BST2,Брусчатка каменная,m2,P_S_02.jpg,"Серая гранитная брусчатка с засыпкой швов черным сланцем. 100x100 
поставщик: фабрика готика"
P_S_03_a,PAV-PRD1-MAT3-5-COL5-3-BST1,Брусчатка каменная,m2,P_S_03.jpg,"Гранитная брусчатка габбро с засыпкой швов белой речной галькой. 100x100 
поставщик: фабрика готика"
P_S_03_b,PAV-PRD1-MAT3-5-COL5-3-BST2,Брусчатка каменная,m2,P_S_03.jpg,"Гранитная брусчатка габбро с засыпкой швов белой речной галькой. 100x100 
поставщик: фабрика готика"
P_S_04_a,PAV-PRD1-MAT3-12-COL5-1-BST1,Брусчатка каменная,m2,P_S_04.jpg,"Гранитная брусчатка габбро с засыпкой швов черным сланцем. 100x100 
поставщик: фабрика готика"
P_S_04_b,PAV-PRD1-MAT3-12-COL5-1-BST2,Брусчатка каменная,m2,P_S_04.jpg,"Гранитная брусчатка габбро с засыпкой швов черным сланцем. 100x100 
поставщик: фабрика готика"
P_W_01_a,PAV-PRD1-MAT7-5-COL10-3-BST1,Деревянная брусчатка,m2,P_W_01.jpg,"Светлая деревянная брусчатка с засыпкой швов белой речной
галькой."
P_W_01_b,PAV-PRD1-MAT7-5-COL10-3-BST2,Деревянная брусчатка,m2,P_W_01.jpg,"Светлая деревянная брусчатка с засыпкой швов белой речной
галькой."
P_W_02_a,PAV-PRD1-MAT7-12-COL10-1-BST1,Деревянная брусчатка,m2,P_W_02.jpg,"Светлая деревянная брусчатка с засыпкой швов черным
сланцем."
P_W_02_b,PAV-PRD1-MAT7-12-COL10-1-BST2,Деревянная брусчатка,m2,P_W_02.jpg,"Светлая деревянная брусчатка с засыпкой швов черным
сланцем."
P_W_03_a,PAV-PRD1-MAT7-5-COL9-3-BST1,Деревянная брусчатка,m2,P_W_03.jpg,"Темная деревянная брусчатка с засыпкой швов белой речной
галькой."
P_W_03_b,PAV-PRD1-MAT7-5-COL9-3-BST2,Деревянная брусчатка,m2,P_W_03.jpg,"Темная деревянная брусчатка с засыпкой швов белой речной
галькой."
P_W_04_a,PAV-PRD1-MAT7-12-COL9-1-BST1,Деревянная брусчатка,m2,P_W_04.jpg,Темная деревянная брусчатка с засыпкой швов черным сланцем.
P_W_04_b,PAV-PRD1-MAT7-12-COL9-1-BST2,Деревянная брусчатка,m2,P_W_04.jpg,Темная деревянная брусчатка с засыпкой швов черным сланцем.
concrete,MAT1,Бетон,,concrete.jpg,Описание самого обычного на свете бетона
concrete_fiber,MAT2,Фибробетон,,concrete-fiber.jpg,Описание самого обычного на свете фибробетонa
concrete_reinforced,MAT3,Армированный бетон,,concrete-reinforced.jpg,Описание самого обычного на свете армированный-бетонa
asphalt_concrete,MAT4,Асфальтобетон,,asphalt-concrete.jpg,Описание самого обычного на свете асфальтобетонa
brick,MAT5,Кирпич,,brick.jpg,Описание самого обычного на свете кирпичa
klinker,MAT6,Клинкерный кирпич,,klinker.jpg,Описание самого обычного на свете клинкерный-кирпичa
stone,MAT7,Камень,,stone.jpg,Описание самого обычного на свете камня
marble,MAT8,Мрамор,,marble.jpg,Описание самого обычного на свете мраморa
slate,MAT9,Сланец,,slate.jpg,Описание самого обычного на свете сланцa
granite,MAT10,Гранит,,granite.jpg,Описание самого обычного на свете гранитa
limestone,MAT11,Известняк,,limestone.jpg,Описание самого обычного на свете известняка
sand,MAT12,Песок,,sand.jpg,Описание самого обычного на свете песокa
steel_corten,MAT13,Кортен сталь,,steel-corten.jpg,Описание самого обычного на свете кортен-стали
steel_stainless,MAT14,Нержавеющая сталь,,steel-stainless.jpg,Описание самого обычного на свете нержавеющая-стали
steel_galvanized,MAT15,Оцинкованная сталь,,steel-galvanized.jpg,Описание самого обычного на свете оцинкованная-стали
wood,MAT16,Дерево,,wood.jpg,Описание самого обычного на свете деревa
mulch,MAT17,Мульча коры,,mulch.jpg,Описание самого обычного на свете мульча-корыa
rubber,MAT18,Резина,,rubber.jpg,Описание самого обычного на свете резины
caoutchouc,MAT19,Каучук,,caoutchouc.jpg,Описание самого обычного на свете каучукa
polyurethane,MAT20,Полимочевина,,polyurethane.jpg,Описание самого обычного на свете полимочевины
polyethylene,MAT21,Полиэтиленовая смола,,polyethylene.jpg,Описание самого обычного на свете полиэтиленовая-смолы
paint_powder,MAT22,Порошковая краска,,paint-powder.jpg,Описание самого обычного на свете порошковая-краски
tile,PRD1,Плитка,,tile.jpg,Описание Плитка
monolith,PRD2,Монолит,,monolith.jpg,Описание Монолит
prefabricated,PRD3,Сборное,,prefabricated.jpg,Описание Сборное
rammed,PRD4,Набивное,,rammed.jpg,Описание Набивное
ribbed,PRD5,Рифлённое,,ribbed.jpg,Описание Рифлённое
boucharded,PRD6,Бучардированное,,boucharded.jpg,Описание Бучардированное
polished,PRD7,Полированное,,polished.jpg,Описание Полированное
washed,PRD8,Мытое,,washed.jpg,Описание Мытое
tartan,PRD9,Тартан,,tartan.jpg,Описание Тартан
decking,PRD10,Настил,,decking.jpg,Описание Настил
face,PRD11,Торцевое,,face.jpg,Описание Торцевое
grid,PRD12,Сетка,,grid.jpg,Описание Сетка
perforated,PRD13,Перфорация,,perforated.jpg,Описание Перфорация
array,PRD14,Массив,,array.jpg,Описание Массив
section,PRD15,Секция,,section.jpg,Описание Секция
barbaris_tunberga_gre,GRE-BSH2,Барбарис Тунберга Green Carpet,pcs,G_b_barbaris_tunberga_gre.jpg,Описание Барбарис Тунберга Green Carpet
kalina_nanum,GRE-BSH2,Калина обыкновенная Nanum,pcs,G_b_kalina_nanum.jpg,Описание Калина обыкновенная Nanum
kizilnik,GRE-BSH2,Кизильник блестящий стриженный,pcs,G_b_kizilnik.jpg,Описание Кизильник блестящий стриженный
puzureplodnik_Anny,GRE-BSH2,Пузыреплодник калинолистый Anny's Gold,pcs,G_b_puzureplodnik_Anny.jpg,Описание Пузыреплодник калинолистый Anny's Gold
puzureplodnik_Dart,GRE-BSH2,Пузыреплодник калинолистый Dart's Gold,pcs,G_b_puzureplodnik_Dart.jpg,Описание Пузыреплодник калинолистый Dart's Gold
spirea_berezolist_tor,GRE-BSH2,Спирея березолистная Tor,pcs,G_b_spirea_berezolist_tor.jpg,Описание Спирея березолистная Tor
stefanandra_krispa,GRE-BSH2,Стефанандра криспа,pcs,G_b_stefanandra_krispa.jpg,Описание Стефанандра криспа
mozzevelnik_kazackiy,GRE-BSH2,Можжевельник казацкий,pcs,G_b_mozzevelnik_kazackiy.jpg,Описание Можжевельник казацкий
mozzevelnik_repanda,GRE-BSH2,Можжевельник репанда,pcs,G_b_mozzevelnik_repanda.jpg,Описание Можжевельник репанда
aroniya,GRE-BSH1,Арония,pcs,G_bb_aroniya.jpg,Описание Арония
barbaris_tunberga,GRE-BSH1,Барбарис Тунберга,pcs,G_bb_barbaris_tunberga.jpg,Описание Барбарис Тунберга
barbaris_tunberga_aur,GRE-BSH1,Барбарис Тунберга Aurea,pcs,G_bb_barbaris_tunberga_aur.jpg,Описание Барбарис Тунберга Aurea
beresklet_euro,GRE-BSH1,Бересклет европейский,pcs,G_bb_beresklet_euro.jpg,Описание Бересклет европейский
chubushnik,GRE-BSH1,Чубушник,pcs,G_bb_chubushnik.jpg,Описание Чубушник
deren_elegantissima,GRE-BSH1,Дёрен элегантиссимо,pcs,G_bb_deren_elegantissima.jpg,Описание Дёрен элегантиссимо
forzicia,GRE-BSH1,Форзиция,pcs,G_bb_forzicia.jpg,Описание Форзиция
gortenzia,GRE-BSH1,Гортензия,pcs,G_bb_gortenzia.jpg,Описание Гортензия
kalina_rozeum,GRE-BSH1,Калина обыкновенная Roseum высокий кустарник,pcs,G_bb_kalina_rozeum.jpg,Описание Калина обыкновенная Roseum высокий кустарник
kalina_rozeum,GRE-BSH1,Калина обыкновенная Roseum,pcs,G_bb_kalina_rozeum.jpg,Описание Калина обыкновенная Roseum
kizilnik,GRE-BSH1,Кизильник блестящий свободнорастущий,pcs,G_bb_kizilnik.jpg,Описание Кизильник блестящий свободнорастущий
lapchatka_gf,GRE-BSH1,Лапчатка Gold Finger,pcs,G_bb_lapchatka_gf.jpg,Описание Лапчатка Gold Finger
siren_meyera,GRE-BSH1,Сирень Мейера,pcs,G_bb_siren_meyera.jpg,Описание Сирень Мейера
spirea_berezolist,GRE-BSH1,Спирея Березолистная,pcs,G_bb_spirea_berezolist.jpg,Описание Спирея Березолистная
spirea_berezolist_isl,GRE-BSH1,Спирея Березолистная Island,pcs,G_bb_spirea_berezolist_isl.jpg,Описание Спирея Березолистная Island
spirea_macrophyll,GRE-BSH1,Спирея Японская Macrophylla,pcs,G_bb_spirea_macrophyll.jpg,Описание Спирея Японская Macrophylla
spirea_seraya,GRE-BSH1,Спирея Серая,pcs,G_bb_spirea_seraya.jpg,Описание Спирея Серая
spirea_vangutta,GRE-BSH1,Спирея Вангутта,pcs,G_bb_spirea_vangutta.jpg,Описание Спирея Вангутта
barbaris_tunberga_gre,GRE-BSH1,Барбарис тунберга gre,pcs,G_bb_barbaris_tunberga_gre.jpg,Описание Барбарис тунберга gre
irga_lamansk,GRE-BSH1,Ирга lamask,pcs,G_bb_irga_lamansk.jpg,Описание Ирга lamask
iva_mayak,GRE-BSH1,Ива маяк,pcs,G_bb_iva_mayak.jpg,Описание Ива маяк
kalina_nanum,GRE-BSH1,Калина нанум,pcs,G_bb_kalina_nanum.jpg,Описание Калина нанум
proso_prutievidnoe,GRE-CER,Просо прутьевидное,m2,G_c_proso_prutievidnoe.jpg,Описание Просо прутьевидное
veinik_brilliant,GRE-CER,Вейник brilliant,m2,G_c_veinik_brilliant.jpg,Описание Вейник brilliant
shuchka_dern,GRE-CER,Щучка дернистая Goldschleir злаки,m2,G_c_shuchka_dern.jpg,Описание Щучка дернистая Goldschleir злаки
veinik_ostrocvet,GRE-CER,Вейник остроцветковый злаки,m2,G_c_veinik_ostrocvet.jpg,Описание Вейник остроцветковый злаки
ovsyannica_syzaya,GRE-CER,Овсяница сизая злаки,m2,G_c_ovsyanica_syzaya.jpg,Описание Овсяница сизая злаки
ehinaceya,GRE-FLW,Эхинацея пурпурная цветник,m2,G_fl_ehinaceya.jpg,Описание Эхинацея пурпурная цветник
fenkhel,GRE-FLW,Фенхель цветник,m2,G_fl_fenkhel.jpg,Описание Фенхель цветник
kotovnik_fassena,GRE-FLW,Котовник Фассена цветник,m2,G_fl_kotovnik_fassena.jpg,Описание Котовник Фассена цветник
krovohlabka_lek_tanna,GRE-FLW,Кровохлебка лекарственная цветник,m2,G_fl_krovohlabka_lek_tanna.jpg,Описание Кровохлебка лекарственная цветник
manzhetka,GRE-FLW,Манжетка мягкая цветник,m2,G_fl_manzhetka.jpg,Описание Манжетка мягкая цветник
mordovnik_siniy,GRE-FLW,Мордовник Blue Glow цветник,m2,G_fl_mordovnik_siniy.jpg,Описание Мордовник Blue Glow цветник
ochitok_vidniy,GRE-FLW,Очиток видный цветник,m2,G_fl_ochitok_vidniy.jpg,Описание Очиток видный цветник
ozhika_snezhnaya,GRE-FLW,Ожика снежная цветник,m2,G_fl_ozhika_snezhnaya.jpg,Описание Ожика снежная цветник
pahizandra_verh,GRE-FLW,Пахизандра верхушечная цветник,m2,G_fl_pahizandra_verh.jpg,Описание Пахизандра верхушечная цветник
rudbekia,GRE-FLW,Рудбекия цветник,m2,G_fl_rudbekia.jpg,Описание Рудбекия цветник
sesleria_sizaya,GRE-FLW,Сеслерия сизая цветник,m2,G_fl_sesleria_sizaya.jpg,Описание Сеслерия сизая цветник
valdsteinya_troichataya,GRE-FLW,Вальдштейния тройчатая цветник,m2,G_fl_valdsteinya_troichataya.jpg,Описание Вальдштейния тройчатая цветник
veronika_koloskovaya,GRE-FLW,Вероника колосковая цветник,m2,G_fl_veronika_koloskovaya.jpg,Описание Вероника колосковая цветник
abricos_manch,GRE-TRE,Абрикос маньчжурский Prunus mandshurica,pcs,G_t_abricos_manch.jpg,Описание Абрикос маньчжурский Prunus mandshurica
betula_pubescens,GRE-TRE,Береза пушистая,pcs,G_t_betula_pubescens.jpg,Описание Береза пушистая
cherry_bryansk,GRE-TRE,Черешня "Брянская розовая",pcs,G_t_cherry_bryansk.jpg,Описание Черешня "Брянская розовая"
cherry_fatezh,GRE-TRE,Черешня "Фатеж",pcs,G_t_cherry_fatezh.jpg,Описание Черешня "Фатеж"
el_serbskaya,GRE-TRE,Ель сербская Picea omorika,pcs,G_t_el_serbskaya.jpg,Описание Ель сербская Picea omorika
fir_fat_albert,GRE-TRE,Ель голубая колючая "Фэт Альберт",pcs,G_t_fir_fat_albert.jpg,Описание Ель голубая колючая "Фэт Альберт"
hawthorn,GRE-TRE,Боярышник сливолистный,pcs,G_t_hawthorn.jpg,Описание Боярышник сливолистный
kanadskaya,GRE-TRE,Ель сизая канадская,pcs,G_t_kanadskaya.jpg,"Описание Ель сизая, канадская"
mapple_gr,GRE-TRE,Клен остролистный 'Globosum',pcs,G_t_mapple_gr.jpg,Описание Клен остролистный 'Globosum'
mapple_yell,GRE-TRE,Клен остролистный 'Golden Globe',pcs,G_t_mapple_yell.jpg,Описание Клен остролистный 'Golden Globe'
oak_fastigiata,GRE-TRE,Дуб черешчатый "Fastigiata",pcs,G_t_oak_fastigiata.jpg,Описание Дуб черешчатый "Fastigiata"
green,GRE,Озеленение,,green.jpg,Описание Озеленение
trees,TRE,Деревья,,trees.jpg,Описание Деревья
bushes,BSH,Кустарники,,bushes.jpg,Описание Кустарники
bushes_big,BSH1,Кустарники высокие,,bushes_big.jpg,Описание Кустарники высокие
bushes_small,BSH2,Кустарники низкие,,bushes_small.jpg,Описание Кустарники низкие
flowers,FLW,Цветники,,flowers.jpg,Описание Цветники
cereals,CER,Злаковые,,cereals.jpg,Описание Злаковые
ground_cover,GRC,Почвопокровные,,ground_cover.jpg,Описание Почвопокровные
water_flora,WTF,Водолюбивые,,water_flora.jpg,Описание Водолюбивые
soil,SOI,Почва,,soil.jpg,Описание Почва
